{
  "project_info": {
    "project_number": "138264515040",
    "firebase_url": "https://fir-5fd45.firebaseio.com",
    "project_id": "fir-5fd45",
    "storage_bucket": "fir-5fd45.appspot.com"
  },
  "client": [
    {
      "client_info": {
        "mobilesdk_app_id": "1:138264515040:android:518aa5321ed9418c655b85",
        "android_client_info": {
          "package_name": "com.example.applicationfirebase"
        }
      },
      "oauth_client": [
        {
          "client_id": "138264515040-fdoqv89jd3spjvselq5i6lcskaosgqsj.apps.googleusercontent.com",
          "client_type": 1,
          "android_info": {
            "package_name": "com.example.applicationfirebase",
            "certificate_hash": "2c74812ab9a54d7168aefec65c1b1eabbf2f474e"
          }
        },
        {
          "client_id": "138264515040-cm5556qgib8lv66he26e0gqc7bq3lb4f.apps.googleusercontent.com",
          "client_type": 3
        }
      ],
      "api_key": [
        {
          "current_key": "AIzaSyCQcfqnj1LdoomGOTRy39eOaOWkTch-h9c"
        }
      ],
      "services": {
        "appinvite_service": {
          "other_platform_oauth_client": [
            {
              "client_id": "138264515040-cm5556qgib8lv66he26e0gqc7bq3lb4f.apps.googleusercontent.com",
              "client_type": 3
            }
          ]
        }
      }
    }
  ],
  "configuration_version": "1"
}