{
  "project_info": {
    "project_number": "512116288233",
    "firebase_url": "https://ravi-5ab13.firebaseio.com",
    "project_id": "ravi-5ab13",
    "storage_bucket": "ravi-5ab13.appspot.com"
  },
  "client": [
    {
      "client_info": {
        "mobilesdk_app_id": "1:512116288233:android:ef07bef457e5f76a",
        "android_client_info": {
          "package_name": "com.ravi.app"
        }
      },
      "oauth_client": [
        {
          "client_id": "512116288233-qsujhphnmerm43ir6h3358o5en3p72gp.apps.googleusercontent.com",
          "client_type": 3
        }
      ],
      "api_key": [
        {
          "current_key": "AIzaSyAYcBzabyj_Vj2GLL1kYF_FpnBvRtElEO8"
        }
      ],
      "services": {
        "analytics_service": {
          "status": 1
        },
        "appinvite_service": {
          "status": 1,
          "other_platform_oauth_client": []
        },
        "ads_service": {
          "status": 2
        }
      }
    },
    {
      "client_info": {
        "mobilesdk_app_id": "1:512116288233:android:f0a8e4c1b8990081",
        "android_client_info": {
          "package_name": "com.r"
        }
      },
      "oauth_client": [
        {
          "client_id": "512116288233-qsujhphnmerm43ir6h3358o5en3p72gp.apps.googleusercontent.com",
          "client_type": 3
        }
      ],
      "api_key": [
        {
          "current_key": "AIzaSyAYcBzabyj_Vj2GLL1kYF_FpnBvRtElEO8"
        }
      ],
      "services": {
        "analytics_service": {
          "status": 1
        },
        "appinvite_service": {
          "status": 1,
          "other_platform_oauth_client": []
        },
        "ads_service": {
          "status": 2
        }
      }
    },
    {
      "client_info": {
        "mobilesdk_app_id": "1:512116288233:android:3b4f0daa63e57a7c",
        "android_client_info": {
          "package_name": "com.javapapers.firebaseauthdemo"
        }
      },
      "oauth_client": [
        {
          "client_id": "512116288233-qsujhphnmerm43ir6h3358o5en3p72gp.apps.googleusercontent.com",
          "client_type": 3
        }
      ],
      "api_key": [
        {
          "current_key": "AIzaSyAYcBzabyj_Vj2GLL1kYF_FpnBvRtElEO8"
        }
      ],
      "services": {
        "analytics_service": {
          "status": 1
        },
        "appinvite_service": {
          "status": 1,
          "other_platform_oauth_client": []
        },
        "ads_service": {
          "status": 2
        }
      }
    }
  ],
  "configuration_version": "1"
}