{
  "project_info": {
    "project_number": "681643837475",
    "firebase_url": "https://suitcasemanager-e6d35.firebaseio.com",
    "project_id": "suitcasemanager-e6d35",
    "storage_bucket": "suitcasemanager-e6d35.appspot.com"
  },
  "client": [
    {
      "client_info": {
        "mobilesdk_app_id": "1:681643837475:android:040027ef125f927b",
        "android_client_info": {
          "package_name": "edu.uta.cse5320.suitcasemanager"
        }
      },
      "oauth_client": [
        {
          "client_id": "681643837475-hnpketr34plfflhghmhoripp6e199qf8.apps.googleusercontent.com",
          "client_type": 1,
          "android_info": {
            "package_name": "edu.uta.cse5320.suitcasemanager",
            "certificate_hash": "434b1782143e77956c169cd6d7807d364255545a"
          }
        },
        {
          "client_id": "681643837475-jmd9mpck1ecvncq5kbkhdgjd74bs64km.apps.googleusercontent.com",
          "client_type": 1,
          "android_info": {
            "package_name": "edu.uta.cse5320.suitcasemanager",
            "certificate_hash": "a95e151836632c2436f9bc284fa6fbcadd8f444d"
          }
        },
        {
          "client_id": "681643837475-or87ebi8qrflg1rk1hs63o2chr3n2g3k.apps.googleusercontent.com",
          "client_type": 1,
          "android_info": {
            "package_name": "edu.uta.cse5320.suitcasemanager",
            "certificate_hash": "00d81e8eace27ae53efef0dbbd6c23f2eaeb448e"
          }
        },
        {
          "client_id": "681643837475-g7pkkbcsodej3g7sd3sp2p7gamaeraro.apps.googleusercontent.com",
          "client_type": 1,
          "android_info": {
            "package_name": "edu.uta.cse5320.suitcasemanager",
            "certificate_hash": "3d08547ed0e5b6858084a1e6b053a37d7c9c3e37"
          }
        },
        {
          "client_id": "681643837475-k7m2ggfic20876f4gir78hgu6l6e4knd.apps.googleusercontent.com",
          "client_type": 3
        }
      ],
      "api_key": [
        {
          "current_key": "AIzaSyD_zTJUbMciuEibtLhYk2pwpqEPgxMWnjg"
        }
      ],
      "services": {
        "analytics_service": {
          "status": 1
        },
        "appinvite_service": {
          "status": 2,
          "other_platform_oauth_client": [
            {
              "client_id": "681643837475-k7m2ggfic20876f4gir78hgu6l6e4knd.apps.googleusercontent.com",
              "client_type": 3
            }
          ]
        },
        "ads_service": {
          "status": 2
        }
      }
    }
  ],
  "configuration_version": "1"
}