{
  "project_info": {
    "project_number": "10687550862",
    "firebase_url": "https://cashbook-274af.firebaseio.com",
    "project_id": "cashbook-274af",
    "storage_bucket": "cashbook-274af.appspot.com"
  },
  "client": [
    {
      "client_info": {
        "mobilesdk_app_id": "1:10687550862:android:a1fe89de790b46aa7a40df",
        "android_client_info": {
          "package_name": "com.book.cash.cashbook"
        }
      },
      "oauth_client": [
        {
          "client_id": "10687550862-icb9fsut5jkvll1k903uvu8jk7po0d87.apps.googleusercontent.com",
          "client_type": 1,
          "android_info": {
            "package_name": "com.book.cash.cashbook",
            "certificate_hash": "2c74812ab9a54d7168aefec65c1b1eabbf2f474e"
          }
        },
        {
          "client_id": "10687550862-6qo4a8u68j3s2k9f7ve1131bauu3f5ek.apps.googleusercontent.com",
          "client_type": 3
        }
      ],
      "api_key": [
        {
          "current_key": "AIzaSyAvi-cqQdaLBPFbadaMVp-ccQ_jh8umlko"
        }
      ],
      "services": {
        "appinvite_service": {
          "other_platform_oauth_client": [
            {
              "client_id": "10687550862-6qo4a8u68j3s2k9f7ve1131bauu3f5ek.apps.googleusercontent.com",
              "client_type": 3
            }
          ]
        }
      }
    }
  ],
  "configuration_version": "1"
}